job_id,chat_id,message_id,created_at
test-003,5225138885,311,2026-03-05 19:04:26
test-003-20260305190730,5225138885,313,2026-03-05 19:07:31
test-003-20260305190950,5225138885,353,2026-03-05 19:09:50
test-003-20260305191844,5225138885,462,2026-03-05 19:18:45
test-003-20260305192239,5225138885,583,2026-03-05 19:22:39
test-003-20260305202004,5225138885,595,2026-03-05 20:20:04
test-002-20260305202004,5225138885,596,2026-03-05 20:20:07
test-001-20260305202004,5225138885,597,2026-03-05 20:20:09
test-003-20260305210513,5225138885,751,2026-03-05 21:05:14
test-003-20260305211212,5225138885,758,2026-03-05 21:12:13
test-001-20260306201717,5225138885,768,2026-03-06 20:17:18
test-002-20260306201717,5225138885,769,2026-03-06 20:17:20
test-003-20260306201717,5225138885,770,2026-03-06 20:17:22
test-001-20260306202119,5225138885,773,2026-03-06 20:21:19
test-002-20260306202119,5225138885,774,2026-03-06 20:21:21
test-003-20260306202119,5225138885,775,2026-03-06 20:21:24
test-001-20260306210156,5225138885,778,2026-03-06 21:01:56
test-002-20260306210156,5225138885,779,2026-03-06 21:01:59
test-003-20260306210156,5225138885,780,2026-03-06 21:02:01
test-001-20260306211535,5225138885,783,2026-03-06 21:15:35
test-002-20260306211535,5225138885,784,2026-03-06 21:15:37
test-003-20260306211535,5225138885,786,2026-03-06 21:15:40
test-001-20260306211734,5225138885,789,2026-03-06 21:17:34
test-002-20260306211734,5225138885,790,2026-03-06 21:17:36
test-003-20260306211734,5225138885,791,2026-03-06 21:17:39
test-001-20260306213334,5225138885,795,2026-03-06 21:33:34
test-002-20260306213334,5225138885,796,2026-03-06 21:33:37
test-003-20260306213334,5225138885,797,2026-03-06 21:33:39
test-001-20260306213757,5225138885,802,2026-03-06 21:37:58
test-002-20260306213757,5225138885,803,2026-03-06 21:38:00
test-003-20260306213757,5225138885,804,2026-03-06 21:38:02
test-001-20260306214022,5225138885,808,2026-03-06 21:40:22
test-002-20260306214022,5225138885,809,2026-03-06 21:40:24
test-003-20260306214022,5225138885,810,2026-03-06 21:40:27
test-001-20260306215350,5225138885,814,2026-03-06 21:53:50
test-002-20260306215350,5225138885,815,2026-03-06 21:53:52
test-003-20260306215350,5225138885,816,2026-03-06 21:53:55
test-001-20260306220737,5225138885,818,2026-03-06 22:07:37
test-002-20260306220737,5225138885,819,2026-03-06 22:07:39
test-003-20260306220737,5225138885,820,2026-03-06 22:07:42
test-001-20260306221546,5225138885,824,2026-03-06 22:15:46
test-002-20260306221546,5225138885,825,2026-03-06 22:15:48
test-003-20260306221546,5225138885,826,2026-03-06 22:15:51
test-001-20260306222218,5225138885,828,2026-03-06 22:22:19
test-002-20260306222218,5225138885,829,2026-03-06 22:22:21
test-003-20260306222218,5225138885,830,2026-03-06 22:22:23
test-001-20260307112854,5225138885,832,2026-03-07 11:28:55
test-002-20260307112854,5225138885,833,2026-03-07 11:28:57
test-003-20260307112854,5225138885,834,2026-03-07 11:28:59
test-001-20260310131025,5225138885,958,2026-03-10 13:10:26
test-002-20260310131025,5225138885,959,2026-03-10 13:10:28
test-003-20260310131025,5225138885,960,2026-03-10 13:10:31
li-4382207899,5225138885,973,2026-03-10 13:15:54
li-4383708101,5225138885,1000,2026-03-10 13:38:32
